id,first_name,last_name,email,gender,ip_address
1,Claybourne,Herreros,cherreros0@bigcartel.com,Male,14.104.161.197
2,Silas,McLellan,smclellan1@naver.com,Male,231.230.131.222
3,Thekla,Rapier,trapier2@chronoengine.com,Female,13.171.205.12
4,Haydon,Bartolacci,hbartolacci3@blogs.com,Male,
5,Breena,Paine,bpaine4@tinypic.com,Female,176.230.87.155
6,Hersh,Chell,hchell5@biglobe.ne.jp,Male,232.141.193.78
7,Kimbell,Lexa,klexa6@yahoo.co.jp,Male,125.194.113.56
8,Reina,Maasze,rmaasze7@t-online.de,Female,133.148.145.208
9,Becca,Cheyenne,bcheyenne8@dailymail.co.uk,Female,109.218.222.95
10,Liuka,Oller,loller9@myspace.com,Female,169.172.163.131
11,Camile,Fallens,cfallensa@github.com,Female,133.222.95.132
12,Lorna,O'Mara,lomarab@google.cn,Female,117.230.248.208
13,Cori,Rubury,cruburyc@mapy.cz,Male,198.3.201.92
14,Ann,Colomb,acolombd@barnesandnoble.com,Female,151.96.193.114
15,Elianora,Paxeford,epaxeforde@wisc.edu,Female,225.16.23.214
16,Elita,Ablett,eablettf@booking.com,Female,134.213.249.100
17,Umeko,Gloucester,ugloucesterg@cbslocal.com,Female,190.198.72.187
18,Gordie,Bullingham,gbullinghamh@gizmodo.com,Male,95.71.61.28
19,Javier,De Santos,jdesantosi@apache.org,Male,143.252.49.158
20,Janek,Samett,jsamettj@dailymail.co.uk,Male,140.4.208.237
21,Pavla,Ryburn,pryburnk@tamu.edu,Female,78.150.68.147
22,Mikaela,Saice,msaicel@usnews.com,Female,0.208.207.63
23,Imojean,Danes,idanesm@tamu.edu,Female,79.51.140.196
24,Fielding,Habershaw,fhabershawn@google.co.jp,Male,239.48.42.204
25,Erny,Rattray,erattrayo@businessweek.com,Male,201.4.52.241
26,Ciro,McClounan,cmcclounanp@mapquest.com,Male,73.188.160.213
27,Damiano,Breem,dbreemq@xinhuanet.com,Male,88.55.159.229
28,Waverley,Vorley,wvorleyr@rakuten.co.jp,Male,113.181.80.81
29,Donny,Camili,dcamilis@storify.com,Female,236.128.201.202
30,Isabelita,Pretti,iprettit@sourceforge.net,Female,203.30.192.72
31,Efrem,Axcell,eaxcellu@oracle.com,Male,108.34.139.83
32,Ginger,Whybray,gwhybrayv@mtv.com,Male,
33,Malena,Laurand,mlaurandw@craigslist.org,Female,160.210.66.160
34,Ronnie,Kleinerman,rkleinermanx@squidoo.com,Male,28.0.111.183
35,Jae,Tollett,jtolletty@dyndns.org,Male,184.47.68.56
36,Danya,Cursey,dcurseyz@mayoclinic.com,Female,113.212.16.186
37,Sherlock,De Witt,sdewitt10@nhs.uk,Male,120.62.129.145
38,Ericka,Lissandre,elissandre11@reddit.com,Female,58.75.20.133
39,Geno,Hopkynson,ghopkynson12@ameblo.jp,Male,248.50.135.96
40,Dorelia,Choudhury,dchoudhury13@blogger.com,Female,178.163.183.17
41,Kathrine,Scoggin,kscoggin14@apache.org,Female,1.15.193.105
42,Adel,Adlam,aadlam15@umich.edu,Female,233.211.110.75
43,Ammamaria,Dunnet,adunnet16@imageshack.us,Female,166.77.231.149
44,Ernestine,Trassler,etrassler17@java.com,Female,42.157.12.88
45,Meggi,Gurery,mgurery18@independent.co.uk,Female,159.250.132.87
46,Derry,Orum,dorum19@fema.gov,Male,96.137.229.56
47,Gloriane,Kime,gkime1a@dyndns.org,Female,33.67.131.128
48,Gianna,Halhead,ghalhead1b@yahoo.co.jp,Female,31.167.95.7
49,Pam,Pontain,ppontain1c@omniture.com,Female,146.71.182.198
50,Odetta,Worssam,oworssam1d@instagram.com,Female,31.122.69.90
51,Hercule,Iglesias,higlesias1e@nydailynews.com,Male,100.182.81.87
52,Sunshine,Charpling,scharpling1f@unicef.org,Female,191.103.231.47
53,Audie,O'Regan,aoregan1g@flavors.me,Female,207.62.103.223
54,Reina,Corballis,rcorballis1h@1688.com,Female,
55,Berty,Burkman,bburkman1i@fotki.com,Male,18.8.49.251
56,Maurizio,Glaysher,mglaysher1j@mediafire.com,Male,8.79.137.24
57,Leisha,Ditchett,lditchett1k@cargocollective.com,Female,122.181.79.99
58,Thor,MacNulty,tmacnulty1l@hp.com,Male,169.45.129.120
59,Trudie,Wreiford,twreiford1m@ca.gov,Female,107.76.123.4
60,Herman,Kachel,hkachel1n@princeton.edu,Male,76.154.255.166
61,Dniren,Follit,dfollit1o@behance.net,Female,108.182.127.227
62,Abramo,Gunthorp,agunthorp1p@comsenz.com,Male,216.88.125.229
63,Iago,Rubert,irubert1q@prlog.org,Male,118.38.98.74
64,Lucienne,Seaborn,lseaborn1r@w3.org,Female,69.207.8.242
65,Sven,Hagland,shagland1s@macromedia.com,Male,44.223.49.157
66,Livia,Crumb,lcrumb1t@soup.io,Female,
67,Artus,Simnell,asimnell1u@imdb.com,Male,
68,Brig,Brewitt,bbrewitt1v@fda.gov,Male,95.28.189.109
69,Klaus,O'Lagen,kolagen1w@google.ca,Male,41.65.89.61
70,Chick,Slark,cslark1x@domainmarket.com,Male,105.231.197.225
71,Dwight,Gilstoun,dgilstoun1y@shutterfly.com,Male,220.89.140.253
72,Marje,Edler,medler1z@prlog.org,Female,137.232.31.232
73,Marcelle,Marcos,mmarcos20@liveinternet.ru,Female,53.108.123.28
74,Zita,Woolvett,zwoolvett21@twitter.com,Female,248.236.127.133
75,Wynn,Elles,welles22@baidu.com,Female,
76,Bethena,Trigwell,btrigwell23@addtoany.com,Female,63.96.169.159
77,Cami,Gianinotti,cgianinotti24@devhub.com,Female,217.118.234.68
78,Alvy,Tiuit,atiuit25@phpbb.com,Male,42.229.198.14
79,Mason,Carff,mcarff26@microsoft.com,Male,232.28.254.121
80,Elissa,Rilings,erilings27@1688.com,Female,
81,Aggi,Frizzell,afrizzell28@usa.gov,Female,121.121.203.38
82,Eba,Burtonwood,eburtonwood29@slashdot.org,Female,
83,Sherlock,Peascod,speascod2a@creativecommons.org,Male,40.77.98.240
84,Archibold,Gillbanks,agillbanks2b@qq.com,Male,69.123.102.106
85,Percy,Canet,pcanet2c@bluehost.com,Male,138.200.167.62
86,Fredek,Calley,fcalley2d@cafepress.com,Male,13.28.110.151
87,Beret,Saines,bsaines2e@networksolutions.com,Female,88.106.35.175
88,Brendan,Clowsley,bclowsley2f@fc2.com,Male,222.98.82.24
89,Bradley,Domoney,bdomoney2g@de.vu,Male,170.132.68.89
90,Elana,Jarrelt,ejarrelt2h@nps.gov,Female,40.170.186.98
91,Lonnard,Brugh,lbrugh2i@google.fr,Male,148.255.124.47
92,Bonita,Sjostrom,bsjostrom2j@netscape.com,Female,202.48.211.183
93,Virge,Longmead,vlongmead2k@liveinternet.ru,Male,194.165.53.150
94,Jozef,Vedntyev,jvedntyev2l@statcounter.com,Male,91.113.28.66
95,Zsa zsa,Realy,zrealy2m@twitter.com,Female,182.86.93.110
96,Tabina,Easterbrook,teasterbrook2n@tiny.cc,Female,244.69.126.53
97,Obadias,Cuncarr,ocuncarr2o@dailymail.co.uk,Male,148.15.20.212
98,Randie,Lathleiffure,rlathleiffure2p@tripadvisor.com,Male,130.145.159.117
99,Tobye,Yellowlees,tyellowlees2q@nih.gov,Female,109.126.56.129
100,Tarra,Scohier,tscohier2r@ebay.co.uk,Female,216.227.34.241
